{
  "loss": 1.2480705976486206,
  "precision": 0.9632049202919006,
  "recall": 0.44609367847442627,
  "val_loss": 0.7578080892562866,
  "val_precision": 0.9816141128540039,
  "val_recall": 0.5791276693344116,
  "epoch": 19,
  "global_step": 56060
}