{
  "loss": 1.1313129663467407,
  "precision": 0.8911114931106567,
  "recall": 0.4730397164821625,
  "val_loss": 0.7770194411277771,
  "val_precision": 0.9510560035705566,
  "val_recall": 0.647864818572998,
  "epoch": 188,
  "global_step": 132489
}