{
  "loss": 1.2165300846099854,
  "precision": 0.945410430431366,
  "recall": 0.43922871351242065,
  "val_loss": 0.7217232584953308,
  "val_precision": 0.978809654712677,
  "val_recall": 0.6065311431884766,
  "epoch": 114,
  "global_step": 161230
}