{
  "loss": 1.2834281921386719,
  "precision": 0.9557368755340576,
  "recall": 0.35145890712738037,
  "val_loss": 1.0432050228118896,
  "val_precision": 0.9809234738349915,
  "val_recall": 0.61443030834198,
  "epoch": 1,
  "global_step": 3834
}