{
  "loss": 1.3349004983901978,
  "precision": 0.9051626324653625,
  "recall": 0.15964947640895844,
  "val_loss": 1.1601183414459229,
  "val_precision": 0.9735848903656006,
  "val_recall": 0.029458779841661453,
  "epoch": 0,
  "global_step": 2803
}