{
  "loss": 1.355068564414978,
  "precision": 0.8984872102737427,
  "recall": 0.14918790757656097,
  "val_loss": 1.2249290943145752,
  "val_precision": 0.9725610017776489,
  "val_recall": 0.03642383962869644,
  "epoch": 0,
  "global_step": 2803
}