{
  "loss": 1.1951417922973633,
  "precision": 0.9359492659568787,
  "recall": 0.4657037556171417,
  "val_loss": 0.7015199661254883,
  "val_precision": 0.9743286371231079,
  "val_recall": 0.6587120294570923,
  "epoch": 168,
  "global_step": 158015
}