{
  "loss": 1.273033857345581,
  "precision": 0.9413683414459229,
  "recall": 0.16475893557071686,
  "val_loss": 0.897968590259552,
  "val_precision": 0.7553957104682922,
  "val_recall": 0.07193423062562943,
  "epoch": 0,
  "global_step": 2803
}